Company Name,Phone,Email,Address,City,State,ZIP
Acme Corporation,(555) 123-4567,info@acme.com,123 Main Street,New York,NY,10001
Tech Solutions LLC,(555) 234-5678,contact@techsolutions.com,456 Oak Avenue,Los Angeles,CA,90210
Global Services Inc.,(555) 345-6789,hello@globalservices.com,789 Pine Road,Chicago,IL,60601
Innovation Partners,(555) 456-7890,info@innovation.com,321 Elm Street,Houston,TX,77001
Digital Dynamics,(555) 567-8901,support@digitaldynamics.com,654 Maple Drive,Phoenix,AZ,85001
CloudTech Systems,(555) 678-9012,sales@cloudtech.com,987 Cedar Lane,Philadelphia,PA,19101
SecureNet Solutions,(555) 789-0123,contact@securenet.com,147 Birch Avenue,San Antonio,TX,78201
DataFlow Enterprises,(555) 890-1234,info@dataflow.com,258 Spruce Street,San Diego,CA,92101
NetWorks Plus,(555) 901-2345,hello@networksplus.com,369 Willow Road,Dallas,TX,75201
CyberShield Corp,(555) 012-3456,support@cybershield.com,741 Aspen Drive,San Jose,CA,95101